community_id,topic,topic_id,count,percent
0,0_politicians_elections_gerrymandering_democrats,0,13339,0.11785234662143058
0,10_democratic_voting_voters_dems,10,3675,0.03246925360474979
0,11_toilets_stalls_jug_soap,11,588,0.005195080576759966
0,12_gambling_viewership_titles_entertaining,12,1131,0.009992578456318915
0,13_infrastructure_crisis_communities_economic,13,1429,0.012625459428894543
0,14_distrust_demanding_raising_doubts,14,2783,0.024588281029120723
0,15_democrats_election_democrat_dems,15,1728,0.015267175572519083
0,16_unrealized_federal_progressive_bezos,16,2551,0.022538521345773253
0,17_federal_denials_regulations_outcomes,17,1316,0.011627085100367543
0,18_regimes_democracies_dictatorship_democratic,18,1900,0.016786824992931864
0,19_federal_fraud_errands_employees,19,1503,0.013279262086513996
0,1_boundaries_plans_staying_bills,1,2926,0.025851710489115068
0,20_enforcement_roads_traffic_features,20,735,0.0064938507209499575
0,21_boundaries_approaching_conversations_topics,21,2252,0.019896805202148714
0,22_emotion_memes_audience_entertainment,22,820,0.007244840260107435
0,23_partisan_president_biden_congress,23,1092,0.009648006785411365
0,24_consumption_farms_agriculture_farmers,24,735,0.0064938507209499575
0,25_economy_aa_aisle_overhead,25,502,0.004435255866553576
0,26_criteria_difficulties_functioning_functional,26,1041,0.00919741306191688
0,27_geopolitical_terrorism_diplomacy_attacks,27,578,0.005106728866270851
0,28_skill_kanye_punk_skilled,28,306,0.002703562340966921
0,29_reform_deterrence_poverty_appeals,29,1963,0.01734344076901329
0,2_debates_conclusions_disinformation_discussions,2,9799,0.08657584110828385
0,30_democratic_deficits_democrats_congress,30,1086,0.009594995759117897
0,31_regulation_regulated_subsidization_legalization,31,586,0.005177410234662143
0,32_economy_unemployment_accuracy_employment,32,1985,0.01753781453208934
0,33_conservatives_conservative_liberals_hypocritical,33,2480,0.02191122420130054
0,34_corruption_president_leaders_deterrence,34,708,0.006255301102629347
0,35_moderators_deltaboards_murky_draft,35,1061,0.00937411648289511
0,36_democracy_politicians_corruption_candidates,36,1738,0.0153555272830082
0,37_businesses_industries_firms_corporations,37,3500,0.030923098671190273
0,38_fences_irresponsible_neglecting_fence,38,202,0.0017847045518801243
0,39_stressful_boredom_forgetting_socially,39,197,0.0017405286966355668
0,3_pasta_rice_burgers_trucks,3,1579,0.01395073508623127
0,40_entitled_houses_household_encountered,40,85,0.0007509895391574781
0,41_english_disease_marginalized_superpower,41,3182,0.028113514277636416
0,42_questioning_consideration_stating_experiences,42,2169,0.019163486005089058
0,43_abused_abusive_doxxing_teenagers,43,1819,0.01607117613797003
0,44_wishes_abuse_dis_neglected,44,901,0.007960489115069268
0,45_qualitative_closure_experiences_descriptions,45,4632,0.0409245122985581
0,46_spouse_busy_texted_messages,46,932,0.008234379417585525
0,47_generosity_poverty_financial_discretionary,47,787,0.006953279615493356
0,48_dishonest_committed_jokes_intentions,48,714,0.006308312128922816
0,49_typing_clunky_functionality_iphones,49,543,0.004797497879558949
0,4_outcomes_statistics_roles_expectations,4,7107,0.06279156064461408
0,50_bans_discipline_ban_regulate,50,1479,0.01306721798134012
0,51_crisis_embrace_violence_tendencies,51,835,0.007377367825841108
0,52_conflict_justification_gas_movies,52,1905,0.01683100084817642
0,5_casualties_attacks_terrorism_hamas,5,7026,0.06207591178965225
0,6_conservative_beliefs_sharia_criticize,6,3659,0.0323278908679672
0,7_democrats_republicans_president_biden,7,2631,0.023245335029686176
0,8_wars_competent_episodes_drama,8,1301,0.011494557534633871
0,9_topics_district_funding_federal,9,1663,0.014692889454339835
1,0_politicians_elections_gerrymandering_democrats,0,503,0.011668638504187255
1,10_democratic_voting_voters_dems,10,187,0.0043380425452942675
1,11_toilets_stalls_jug_soap,11,1819,0.0421973229405897
1,12_gambling_viewership_titles_entertaining,12,1694,0.039297561880901014
1,13_infrastructure_crisis_communities_economic,13,834,0.019347205790242884
1,14_distrust_demanding_raising_doubts,14,187,0.0043380425452942675
1,15_democrats_election_democrat_dems,15,52,0.0012063006008304915
1,16_unrealized_federal_progressive_bezos,16,158,0.0036652979794464936
1,17_federal_denials_regulations_outcomes,17,152,0.0035261094485814367
1,18_regimes_democracies_dictatorship_democratic,18,95,0.002203818405363398
1,19_federal_fraud_errands_employees,19,2053,0.04762567564432691
1,1_boundaries_plans_staying_bills,1,1863,0.04321803883360011
1,20_enforcement_roads_traffic_features,20,2044,0.04741689284802932
1,21_boundaries_approaching_conversations_topics,21,1413,0.03277889901872086
1,22_emotion_memes_audience_entertainment,22,1115,0.02586586865242304
1,23_partisan_president_biden_congress,23,33,0.0007655369197578119
1,24_consumption_farms_agriculture_farmers,24,466,0.010810309230519404
1,25_economy_aa_aisle_overhead,25,1162,0.026956178810865986
1,26_criteria_difficulties_functioning_functional,26,418,0.00969680098359895
1,27_geopolitical_terrorism_diplomacy_attacks,27,16,0.0003711694156401512
1,28_skill_kanye_punk_skilled,28,1272,0.029507968543392025
1,29_reform_deterrence_poverty_appeals,29,222,0.005149975642007099
1,2_debates_conclusions_disinformation_discussions,2,4654,0.10796390377432899
1,30_democratic_deficits_democrats_congress,30,38,0.0008815273621453592
1,31_regulation_regulated_subsidization_legalization,31,376,0.008722481267543554
1,32_economy_unemployment_accuracy_employment,32,403,0.00934882965643631
1,33_conservatives_conservative_liberals_hypocritical,33,392,0.009093650683183706
1,34_corruption_president_leaders_deterrence,34,248,0.005753125942422345
1,35_moderators_deltaboards_murky_draft,35,6,0.00013918853086505672
1,36_democracy_politicians_corruption_candidates,36,75,0.001739856635813209
1,37_businesses_industries_firms_corporations,37,864,0.020043148444568167
1,38_fences_irresponsible_neglecting_fence,38,298,0.006913030366297817
1,39_stressful_boredom_forgetting_socially,39,891,0.020669496833460924
1,3_pasta_rice_burgers_trucks,3,6885,0.1597188391676526
1,40_entitled_houses_household_encountered,40,467,0.010833507318996915
1,41_english_disease_marginalized_superpower,41,374,0.008676085090588535
1,42_questioning_consideration_stating_experiences,42,156,0.0036189018024914746
1,43_abused_abusive_doxxing_teenagers,43,264,0.0061242953580624955
1,44_wishes_abuse_dis_neglected,44,48,0.0011135082469204537
1,45_qualitative_closure_experiences_descriptions,45,1669,0.03871760966896328
1,46_spouse_busy_texted_messages,46,1355,0.03143340988702531
1,47_generosity_poverty_financial_discretionary,47,69,0.0016006681049481524
1,48_dishonest_committed_jokes_intentions,48,45,0.0010439139814879255
1,49_typing_clunky_functionality_iphones,49,766,0.017769735773772243
1,4_outcomes_statistics_roles_expectations,4,708,0.016424246642076694
1,50_bans_discipline_ban_regulate,50,97,0.002250214582318417
1,51_crisis_embrace_violence_tendencies,51,47,0.0010903101584429442
1,52_conflict_justification_gas_movies,52,124,0.0028765629712111723
1,5_casualties_attacks_terrorism_hamas,5,71,0.0016470642819031711
1,6_conservative_beliefs_sharia_criticize,6,211,0.004894796668754494
1,7_democrats_republicans_president_biden,7,67,0.0015542719279931334
1,8_wars_competent_episodes_drama,8,2290,0.053123622613496645
1,9_topics_district_funding_federal,9,1391,0.03226854107221565
2,0_politicians_elections_gerrymandering_democrats,0,140,0.004808187656695401
2,10_democratic_voting_voters_dems,10,77,0.0026445032111824707
2,11_toilets_stalls_jug_soap,11,1845,0.06336504447573582
2,12_gambling_viewership_titles_entertaining,12,140,0.004808187656695401
2,13_infrastructure_crisis_communities_economic,13,157,0.005392039015008414
2,14_distrust_demanding_raising_doubts,14,281,0.009650719510938627
2,15_democrats_election_democrat_dems,15,15,0.0005151629632173644
2,16_unrealized_federal_progressive_bezos,16,37,0.001270735309269499
2,17_federal_denials_regulations_outcomes,17,62,0.0021293402479651063
2,18_regimes_democracies_dictatorship_democratic,18,10,0.00034344197547824293
2,19_federal_fraud_errands_employees,19,1206,0.0414191022426761
2,1_boundaries_plans_staying_bills,1,12080,0.4148779063777175
2,20_enforcement_roads_traffic_features,20,483,0.016588247415599135
2,21_boundaries_approaching_conversations_topics,21,1337,0.04591819212144108
2,22_emotion_memes_audience_entertainment,22,81,0.002781880001373768
2,23_partisan_president_biden_congress,23,29,0.0009959817288869046
2,24_consumption_farms_agriculture_farmers,24,81,0.002781880001373768
2,25_economy_aa_aisle_overhead,25,380,0.013050795068173231
2,26_criteria_difficulties_functioning_functional,26,470,0.01614177284747742
2,27_geopolitical_terrorism_diplomacy_attacks,27,1,3.434419754782429e-05
2,28_skill_kanye_punk_skilled,28,90,0.0030909777793041867
2,29_reform_deterrence_poverty_appeals,29,92,0.003159666174399835
2,2_debates_conclusions_disinformation_discussions,2,2122,0.07287838719648315
2,30_democratic_deficits_democrats_congress,30,6,0.00020606518528694577
2,31_regulation_regulated_subsidization_legalization,31,238,0.008173919016382182
2,32_economy_unemployment_accuracy_employment,32,47,0.001614177284747742
2,33_conservatives_conservative_liberals_hypocritical,33,117,0.004018271113095442
2,34_corruption_president_leaders_deterrence,34,2,6.868839509564858e-05
2,35_moderators_deltaboards_murky_draft,35,5,0.00017172098773912147
2,36_democracy_politicians_corruption_candidates,36,14,0.00048081876566954013
2,37_businesses_industries_firms_corporations,37,187,0.006422364941443143
2,38_fences_irresponsible_neglecting_fence,38,685,0.02352577532025964
2,39_stressful_boredom_forgetting_socially,39,147,0.005048597039530171
2,3_pasta_rice_burgers_trucks,3,884,0.030360270632276677
2,40_entitled_houses_household_encountered,40,356,0.012226534327025449
2,41_english_disease_marginalized_superpower,41,87,0.0029879451866607135
2,42_questioning_consideration_stating_experiences,42,50,0.0017172098773912147
2,43_abused_abusive_doxxing_teenagers,43,193,0.006628430126730089
2,44_wishes_abuse_dis_neglected,44,34,0.001167702716626026
2,45_qualitative_closure_experiences_descriptions,45,624,0.02143077926984236
2,46_spouse_busy_texted_messages,46,2534,0.08702819658618677
2,47_generosity_poverty_financial_discretionary,47,20,0.0006868839509564859
2,48_dishonest_committed_jokes_intentions,48,7,0.00024040938283477006
2,49_typing_clunky_functionality_iphones,49,80,0.0027475358038259435
2,4_outcomes_statistics_roles_expectations,4,645,0.02215200741834667
2,50_bans_discipline_ban_regulate,50,31,0.0010646701239825532
2,51_crisis_embrace_violence_tendencies,51,3,0.00010303259264347288
2,52_conflict_justification_gas_movies,52,27,0.000927293333791256
2,5_casualties_attacks_terrorism_hamas,5,6,0.00020606518528694577
2,6_conservative_beliefs_sharia_criticize,6,247,0.008483016794312601
2,7_democrats_republicans_president_biden,7,23,0.0007899165435999588
2,8_wars_competent_episodes_drama,8,146,0.005014252841982347
2,9_topics_district_funding_federal,9,456,0.015660954081807878
3,0_politicians_elections_gerrymandering_democrats,0,11158,0.30957467469411537
3,10_democratic_voting_voters_dems,10,608,0.01686874011597259
3,11_toilets_stalls_jug_soap,11,88,0.002441528174680243
3,12_gambling_viewership_titles_entertaining,12,117,0.0032461226867907776
3,13_infrastructure_crisis_communities_economic,13,659,0.018283716671753183
3,14_distrust_demanding_raising_doubts,14,54,0.0014982104708265128
3,15_democrats_election_democrat_dems,15,1111,0.03082429320533807
3,16_unrealized_federal_progressive_bezos,16,1098,0.03046361290680576
3,17_federal_denials_regulations_outcomes,17,540,0.014982104708265128
3,18_regimes_democracies_dictatorship_democratic,18,453,0.012568321171933523
3,19_federal_fraud_errands_employees,19,292,0.008101434397802625
3,1_boundaries_plans_staying_bills,1,269,0.007463307715783925
3,20_enforcement_roads_traffic_features,20,116,0.0032183780484421384
3,21_boundaries_approaching_conversations_topics,21,258,0.007158116693948894
3,22_emotion_memes_audience_entertainment,22,49,0.0013594872790833172
3,23_partisan_president_biden_congress,23,1311,0.03637322087506589
3,24_consumption_farms_agriculture_farmers,24,59,0.0016369336625697084
3,25_economy_aa_aisle_overhead,25,68,0.0018866354077074605
3,26_criteria_difficulties_functioning_functional,26,95,0.002635740643120717
3,27_geopolitical_terrorism_diplomacy_attacks,27,1065,0.02954803984130067
3,28_skill_kanye_punk_skilled,28,40,0.001109785533945565
3,29_reform_deterrence_poverty_appeals,29,314,0.008711816441472685
3,2_debates_conclusions_disinformation_discussions,2,2142,0.059429015342785003
3,30_democratic_deficits_democrats_congress,30,1180,0.032738673251394165
3,31_regulation_regulated_subsidization_legalization,31,41,0.0011375301722942042
3,32_economy_unemployment_accuracy_employment,32,258,0.007158116693948894
3,33_conservatives_conservative_liberals_hypocritical,33,525,0.014565935133035541
3,34_corruption_president_leaders_deterrence,34,650,0.01803401492661543
3,36_democracy_politicians_corruption_candidates,36,1814,0.050328773964431375
3,37_businesses_industries_firms_corporations,37,1102,0.030574591460200317
3,38_fences_irresponsible_neglecting_fence,38,22,0.0006103820436700608
3,39_stressful_boredom_forgetting_socially,39,43,0.0011930194489914825
3,3_pasta_rice_burgers_trucks,3,168,0.004661099242571373
3,40_entitled_houses_household_encountered,40,18,0.0004994034902755043
3,41_english_disease_marginalized_superpower,41,550,0.01525955109175152
3,42_questioning_consideration_stating_experiences,42,237,0.006575479288627473
3,43_abused_abusive_doxxing_teenagers,43,118,0.003273867325139417
3,44_wishes_abuse_dis_neglected,44,8,0.000221957106789113
3,45_qualitative_closure_experiences_descriptions,45,733,0.020336819909552478
3,46_spouse_busy_texted_messages,46,150,0.004161695752295869
3,47_generosity_poverty_financial_discretionary,47,128,0.003551313708625808
3,48_dishonest_committed_jokes_intentions,48,245,0.006797436395416585
3,49_typing_clunky_functionality_iphones,49,24,0.0006658713203673391
3,4_outcomes_statistics_roles_expectations,4,327,0.009072496740004994
3,50_bans_discipline_ban_regulate,50,923,0.025608301195793912
3,51_crisis_embrace_violence_tendencies,51,447,0.01240185334184169
3,52_conflict_justification_gas_movies,52,734,0.02036456454790112
3,5_casualties_attacks_terrorism_hamas,5,901,0.024997919152123852
3,6_conservative_beliefs_sharia_criticize,6,399,0.01107011070110701
3,7_democrats_republicans_president_biden,7,1893,0.05252060039397386
3,8_wars_competent_episodes_drama,8,146,0.004050717198901313
3,9_topics_district_funding_federal,9,295,0.008184668312848541
4,0_politicians_elections_gerrymandering_democrats,0,11,0.0027127003699136867
4,10_democratic_voting_voters_dems,10,14,0.0034525277435265103
4,11_toilets_stalls_jug_soap,11,126,0.031072749691738594
4,12_gambling_viewership_titles_entertaining,12,11,0.0027127003699136867
4,13_infrastructure_crisis_communities_economic,13,31,0.0076448828606658446
4,14_distrust_demanding_raising_doubts,14,72,0.01775585696670777
4,15_democrats_election_democrat_dems,15,6,0.0014796547472256474
4,16_unrealized_federal_progressive_bezos,16,8,0.001972872996300863
4,17_federal_denials_regulations_outcomes,17,7,0.0017262638717632551
4,19_federal_fraud_errands_employees,19,264,0.06510480887792848
4,1_boundaries_plans_staying_bills,1,378,0.09321824907521578
4,20_enforcement_roads_traffic_features,20,52,0.01282367447595561
4,21_boundaries_approaching_conversations_topics,21,363,0.08951911220715167
4,22_emotion_memes_audience_entertainment,22,17,0.004192355117139334
4,23_partisan_president_biden_congress,23,3,0.0007398273736128237
4,24_consumption_farms_agriculture_farmers,24,55,0.013563501849568433
4,25_economy_aa_aisle_overhead,25,62,0.015289765721331689
4,26_criteria_difficulties_functioning_functional,26,136,0.03353884093711467
4,28_skill_kanye_punk_skilled,28,48,0.01183723797780518
4,29_reform_deterrence_poverty_appeals,29,61,0.015043156596794081
4,2_debates_conclusions_disinformation_discussions,2,1083,0.26707768187422937
4,31_regulation_regulated_subsidization_legalization,31,151,0.03723797780517879
4,32_economy_unemployment_accuracy_employment,32,26,0.006411837237977805
4,33_conservatives_conservative_liberals_hypocritical,33,38,0.0093711467324291
4,36_democracy_politicians_corruption_candidates,36,1,0.0002466091245376079
4,37_businesses_industries_firms_corporations,37,53,0.013070283600493218
4,38_fences_irresponsible_neglecting_fence,38,20,0.004932182490752158
4,39_stressful_boredom_forgetting_socially,39,11,0.0027127003699136867
4,3_pasta_rice_burgers_trucks,3,115,0.02836004932182491
4,40_entitled_houses_household_encountered,40,20,0.004932182490752158
4,41_english_disease_marginalized_superpower,41,16,0.003945745992601726
4,42_questioning_consideration_stating_experiences,42,21,0.005178791615289766
4,43_abused_abusive_doxxing_teenagers,43,42,0.010357583230579531
4,44_wishes_abuse_dis_neglected,44,6,0.0014796547472256474
4,45_qualitative_closure_experiences_descriptions,45,231,0.05696670776818742
4,46_spouse_busy_texted_messages,46,171,0.04217016029593095
4,47_generosity_poverty_financial_discretionary,47,4,0.0009864364981504315
4,49_typing_clunky_functionality_iphones,49,18,0.0044389642416769425
4,4_outcomes_statistics_roles_expectations,4,144,0.03551171393341554
4,50_bans_discipline_ban_regulate,50,9,0.0022194821208384712
4,52_conflict_justification_gas_movies,52,10,0.002466091245376079
4,5_casualties_attacks_terrorism_hamas,5,5,0.0012330456226880395
4,6_conservative_beliefs_sharia_criticize,6,25,0.006165228113440197
4,7_democrats_republicans_president_biden,7,3,0.0007398273736128237
4,8_wars_competent_episodes_drama,8,73,0.018002466091245378
4,9_topics_district_funding_federal,9,34,0.008384710234278668
5,0_politicians_elections_gerrymandering_democrats,0,256,0.08184143222506395
5,10_democratic_voting_voters_dems,10,38,0.012148337595907928
5,11_toilets_stalls_jug_soap,11,27,0.008631713554987212
5,12_gambling_viewership_titles_entertaining,12,11,0.003516624040920716
5,13_infrastructure_crisis_communities_economic,13,61,0.019501278772378516
5,14_distrust_demanding_raising_doubts,14,38,0.012148337595907928
5,15_democrats_election_democrat_dems,15,25,0.0079923273657289
5,16_unrealized_federal_progressive_bezos,16,72,0.023017902813299233
5,17_federal_denials_regulations_outcomes,17,21,0.006713554987212276
5,18_regimes_democracies_dictatorship_democratic,18,54,0.017263427109974423
5,19_federal_fraud_errands_employees,19,41,0.013107416879795396
5,1_boundaries_plans_staying_bills,1,76,0.024296675191815855
5,20_enforcement_roads_traffic_features,20,20,0.00639386189258312
5,21_boundaries_approaching_conversations_topics,21,121,0.03868286445012788
5,22_emotion_memes_audience_entertainment,22,23,0.007352941176470588
5,23_partisan_president_biden_congress,23,22,0.007033248081841432
5,24_consumption_farms_agriculture_farmers,24,27,0.008631713554987212
5,25_economy_aa_aisle_overhead,25,18,0.005754475703324808
5,26_criteria_difficulties_functioning_functional,26,34,0.010869565217391304
5,27_geopolitical_terrorism_diplomacy_attacks,27,7,0.002237851662404092
5,28_skill_kanye_punk_skilled,28,6,0.0019181585677749361
5,29_reform_deterrence_poverty_appeals,29,51,0.016304347826086956
5,2_debates_conclusions_disinformation_discussions,2,322,0.10294117647058823
5,30_democratic_deficits_democrats_congress,30,25,0.0079923273657289
5,31_regulation_regulated_subsidization_legalization,31,13,0.0041560102301790285
5,32_economy_unemployment_accuracy_employment,32,114,0.03644501278772379
5,33_conservatives_conservative_liberals_hypocritical,33,145,0.04635549872122762
5,34_corruption_president_leaders_deterrence,34,37,0.011828644501278773
5,36_democracy_politicians_corruption_candidates,36,83,0.026534526854219948
5,37_businesses_industries_firms_corporations,37,118,0.037723785166240406
5,38_fences_irresponsible_neglecting_fence,38,4,0.0012787723785166241
5,39_stressful_boredom_forgetting_socially,39,2,0.0006393861892583121
5,3_pasta_rice_burgers_trucks,3,22,0.007033248081841432
5,40_entitled_houses_household_encountered,40,2,0.0006393861892583121
5,41_english_disease_marginalized_superpower,41,95,0.03037084398976982
5,42_questioning_consideration_stating_experiences,42,122,0.03900255754475703
5,43_abused_abusive_doxxing_teenagers,43,33,0.010549872122762148
5,44_wishes_abuse_dis_neglected,44,3,0.0009590792838874681
5,45_qualitative_closure_experiences_descriptions,45,470,0.15025575447570333
5,46_spouse_busy_texted_messages,46,29,0.009271099744245524
5,47_generosity_poverty_financial_discretionary,47,2,0.0006393861892583121
5,48_dishonest_committed_jokes_intentions,48,14,0.004475703324808184
5,49_typing_clunky_functionality_iphones,49,10,0.00319693094629156
5,4_outcomes_statistics_roles_expectations,4,119,0.03804347826086957
5,50_bans_discipline_ban_regulate,50,55,0.01758312020460358
5,51_crisis_embrace_violence_tendencies,51,22,0.007033248081841432
5,52_conflict_justification_gas_movies,52,32,0.010230179028132993
5,5_casualties_attacks_terrorism_hamas,5,20,0.00639386189258312
5,6_conservative_beliefs_sharia_criticize,6,42,0.013427109974424553
5,7_democrats_republicans_president_biden,7,31,0.009910485933503837
5,8_wars_competent_episodes_drama,8,39,0.012468030690537084
5,9_topics_district_funding_federal,9,54,0.017263427109974423
6,0_politicians_elections_gerrymandering_democrats,0,14,0.032407407407407406
6,10_democratic_voting_voters_dems,10,3,0.006944444444444444
6,11_toilets_stalls_jug_soap,11,1,0.0023148148148148147
6,12_gambling_viewership_titles_entertaining,12,4,0.009259259259259259
6,13_infrastructure_crisis_communities_economic,13,1,0.0023148148148148147
6,14_distrust_demanding_raising_doubts,14,7,0.016203703703703703
6,15_democrats_election_democrat_dems,15,1,0.0023148148148148147
6,16_unrealized_federal_progressive_bezos,16,1,0.0023148148148148147
6,17_federal_denials_regulations_outcomes,17,3,0.006944444444444444
6,18_regimes_democracies_dictatorship_democratic,18,1,0.0023148148148148147
6,19_federal_fraud_errands_employees,19,3,0.006944444444444444
6,1_boundaries_plans_staying_bills,1,13,0.03009259259259259
6,20_enforcement_roads_traffic_features,20,3,0.006944444444444444
6,21_boundaries_approaching_conversations_topics,21,12,0.027777777777777776
6,22_emotion_memes_audience_entertainment,22,3,0.006944444444444444
6,24_consumption_farms_agriculture_farmers,24,1,0.0023148148148148147
6,26_criteria_difficulties_functioning_functional,26,4,0.009259259259259259
6,28_skill_kanye_punk_skilled,28,1,0.0023148148148148147
6,29_reform_deterrence_poverty_appeals,29,4,0.009259259259259259
6,2_debates_conclusions_disinformation_discussions,2,59,0.13657407407407407
6,30_democratic_deficits_democrats_congress,30,2,0.004629629629629629
6,32_economy_unemployment_accuracy_employment,32,9,0.020833333333333332
6,33_conservatives_conservative_liberals_hypocritical,33,5,0.011574074074074073
6,34_corruption_president_leaders_deterrence,34,4,0.009259259259259259
6,36_democracy_politicians_corruption_candidates,36,2,0.004629629629629629
6,37_businesses_industries_firms_corporations,37,5,0.011574074074074073
6,38_fences_irresponsible_neglecting_fence,38,1,0.0023148148148148147
6,39_stressful_boredom_forgetting_socially,39,1,0.0023148148148148147
6,3_pasta_rice_burgers_trucks,3,10,0.023148148148148147
6,40_entitled_houses_household_encountered,40,8,0.018518518518518517
6,41_english_disease_marginalized_superpower,41,4,0.009259259259259259
6,42_questioning_consideration_stating_experiences,42,14,0.032407407407407406
6,43_abused_abusive_doxxing_teenagers,43,5,0.011574074074074073
6,44_wishes_abuse_dis_neglected,44,2,0.004629629629629629
6,45_qualitative_closure_experiences_descriptions,45,53,0.12268518518518519
6,46_spouse_busy_texted_messages,46,3,0.006944444444444444
6,47_generosity_poverty_financial_discretionary,47,1,0.0023148148148148147
6,48_dishonest_committed_jokes_intentions,48,1,0.0023148148148148147
6,4_outcomes_statistics_roles_expectations,4,49,0.11342592592592593
6,50_bans_discipline_ban_regulate,50,1,0.0023148148148148147
6,51_crisis_embrace_violence_tendencies,51,1,0.0023148148148148147
6,52_conflict_justification_gas_movies,52,3,0.006944444444444444
6,5_casualties_attacks_terrorism_hamas,5,1,0.0023148148148148147
6,6_conservative_beliefs_sharia_criticize,6,103,0.23842592592592593
6,7_democrats_republicans_president_biden,7,2,0.004629629629629629
6,8_wars_competent_episodes_drama,8,2,0.004629629629629629
6,9_topics_district_funding_federal,9,1,0.0023148148148148147
7,0_politicians_elections_gerrymandering_democrats,0,9,0.03515625
7,10_democratic_voting_voters_dems,10,15,0.05859375
7,11_toilets_stalls_jug_soap,11,6,0.0234375
7,12_gambling_viewership_titles_entertaining,12,3,0.01171875
7,14_distrust_demanding_raising_doubts,14,65,0.25390625
7,15_democrats_election_democrat_dems,15,2,0.0078125
7,16_unrealized_federal_progressive_bezos,16,1,0.00390625
7,17_federal_denials_regulations_outcomes,17,1,0.00390625
7,18_regimes_democracies_dictatorship_democratic,18,2,0.0078125
7,19_federal_fraud_errands_employees,19,2,0.0078125
7,1_boundaries_plans_staying_bills,1,4,0.015625
7,20_enforcement_roads_traffic_features,20,1,0.00390625
7,21_boundaries_approaching_conversations_topics,21,2,0.0078125
7,22_emotion_memes_audience_entertainment,22,1,0.00390625
7,23_partisan_president_biden_congress,23,1,0.00390625
7,24_consumption_farms_agriculture_farmers,24,3,0.01171875
7,26_criteria_difficulties_functioning_functional,26,12,0.046875
7,27_geopolitical_terrorism_diplomacy_attacks,27,1,0.00390625
7,28_skill_kanye_punk_skilled,28,8,0.03125
7,2_debates_conclusions_disinformation_discussions,2,26,0.1015625
7,33_conservatives_conservative_liberals_hypocritical,33,3,0.01171875
7,36_democracy_politicians_corruption_candidates,36,8,0.03125
7,37_businesses_industries_firms_corporations,37,3,0.01171875
7,38_fences_irresponsible_neglecting_fence,38,1,0.00390625
7,3_pasta_rice_burgers_trucks,3,2,0.0078125
7,41_english_disease_marginalized_superpower,41,1,0.00390625
7,42_questioning_consideration_stating_experiences,42,3,0.01171875
7,43_abused_abusive_doxxing_teenagers,43,2,0.0078125
7,45_qualitative_closure_experiences_descriptions,45,14,0.0546875
7,46_spouse_busy_texted_messages,46,5,0.01953125
7,47_generosity_poverty_financial_discretionary,47,1,0.00390625
7,48_dishonest_committed_jokes_intentions,48,2,0.0078125
7,4_outcomes_statistics_roles_expectations,4,32,0.125
7,50_bans_discipline_ban_regulate,50,4,0.015625
7,51_crisis_embrace_violence_tendencies,51,2,0.0078125
7,7_democrats_republicans_president_biden,7,1,0.00390625
7,8_wars_competent_episodes_drama,8,6,0.0234375
7,9_topics_district_funding_federal,9,1,0.00390625
8,0_politicians_elections_gerrymandering_democrats,0,4,0.017937219730941704
8,10_democratic_voting_voters_dems,10,6,0.026905829596412557
8,11_toilets_stalls_jug_soap,11,2,0.008968609865470852
8,13_infrastructure_crisis_communities_economic,13,2,0.008968609865470852
8,16_unrealized_federal_progressive_bezos,16,3,0.013452914798206279
8,19_federal_fraud_errands_employees,19,1,0.004484304932735426
8,1_boundaries_plans_staying_bills,1,3,0.013452914798206279
8,21_boundaries_approaching_conversations_topics,21,3,0.013452914798206279
8,22_emotion_memes_audience_entertainment,22,1,0.004484304932735426
8,23_partisan_president_biden_congress,23,2,0.008968609865470852
8,24_consumption_farms_agriculture_farmers,24,88,0.39461883408071746
8,25_economy_aa_aisle_overhead,25,2,0.008968609865470852
8,26_criteria_difficulties_functioning_functional,26,1,0.004484304932735426
8,2_debates_conclusions_disinformation_discussions,2,11,0.04932735426008968
8,30_democratic_deficits_democrats_congress,30,1,0.004484304932735426
8,31_regulation_regulated_subsidization_legalization,31,2,0.008968609865470852
8,32_economy_unemployment_accuracy_employment,32,2,0.008968609865470852
8,34_corruption_president_leaders_deterrence,34,2,0.008968609865470852
8,36_democracy_politicians_corruption_candidates,36,2,0.008968609865470852
8,37_businesses_industries_firms_corporations,37,7,0.03139013452914798
8,38_fences_irresponsible_neglecting_fence,38,4,0.017937219730941704
8,39_stressful_boredom_forgetting_socially,39,1,0.004484304932735426
8,3_pasta_rice_burgers_trucks,3,23,0.1031390134529148
8,41_english_disease_marginalized_superpower,41,3,0.013452914798206279
8,42_questioning_consideration_stating_experiences,42,13,0.05829596412556054
8,45_qualitative_closure_experiences_descriptions,45,18,0.08071748878923767
8,46_spouse_busy_texted_messages,46,5,0.02242152466367713
8,49_typing_clunky_functionality_iphones,49,1,0.004484304932735426
8,52_conflict_justification_gas_movies,52,1,0.004484304932735426
8,6_conservative_beliefs_sharia_criticize,6,3,0.013452914798206279
8,8_wars_competent_episodes_drama,8,2,0.008968609865470852
8,9_topics_district_funding_federal,9,4,0.017937219730941704
9,0_politicians_elections_gerrymandering_democrats,0,4,0.012779552715654952
9,11_toilets_stalls_jug_soap,11,1,0.003194888178913738
9,13_infrastructure_crisis_communities_economic,13,3,0.009584664536741214
9,14_distrust_demanding_raising_doubts,14,24,0.07667731629392971
9,15_democrats_election_democrat_dems,15,1,0.003194888178913738
9,18_regimes_democracies_dictatorship_democratic,18,1,0.003194888178913738
9,19_federal_fraud_errands_employees,19,7,0.022364217252396165
9,1_boundaries_plans_staying_bills,1,136,0.43450479233226835
9,20_enforcement_roads_traffic_features,20,3,0.009584664536741214
9,21_boundaries_approaching_conversations_topics,21,8,0.025559105431309903
9,22_emotion_memes_audience_entertainment,22,2,0.006389776357827476
9,24_consumption_farms_agriculture_farmers,24,1,0.003194888178913738
9,25_economy_aa_aisle_overhead,25,5,0.01597444089456869
9,26_criteria_difficulties_functioning_functional,26,3,0.009584664536741214
9,28_skill_kanye_punk_skilled,28,2,0.006389776357827476
9,2_debates_conclusions_disinformation_discussions,2,21,0.0670926517571885
9,31_regulation_regulated_subsidization_legalization,31,2,0.006389776357827476
9,32_economy_unemployment_accuracy_employment,32,1,0.003194888178913738
9,33_conservatives_conservative_liberals_hypocritical,33,4,0.012779552715654952
9,37_businesses_industries_firms_corporations,37,3,0.009584664536741214
9,38_fences_irresponsible_neglecting_fence,38,2,0.006389776357827476
9,39_stressful_boredom_forgetting_socially,39,1,0.003194888178913738
9,3_pasta_rice_burgers_trucks,3,3,0.009584664536741214
9,40_entitled_houses_household_encountered,40,16,0.051118210862619806
9,42_questioning_consideration_stating_experiences,42,6,0.019169329073482427
9,43_abused_abusive_doxxing_teenagers,43,7,0.022364217252396165
9,44_wishes_abuse_dis_neglected,44,1,0.003194888178913738
9,45_qualitative_closure_experiences_descriptions,45,9,0.02875399361022364
9,46_spouse_busy_texted_messages,46,6,0.019169329073482427
9,4_outcomes_statistics_roles_expectations,4,18,0.05750798722044728
9,50_bans_discipline_ban_regulate,50,1,0.003194888178913738
9,7_democrats_republicans_president_biden,7,1,0.003194888178913738
9,8_wars_competent_episodes_drama,8,2,0.006389776357827476
9,9_topics_district_funding_federal,9,8,0.025559105431309903
10,0_politicians_elections_gerrymandering_democrats,0,1,0.003289473684210526
10,11_toilets_stalls_jug_soap,11,5,0.01644736842105263
10,12_gambling_viewership_titles_entertaining,12,13,0.04276315789473684
10,13_infrastructure_crisis_communities_economic,13,16,0.05263157894736842
10,14_distrust_demanding_raising_doubts,14,2,0.006578947368421052
10,15_democrats_election_democrat_dems,15,1,0.003289473684210526
10,16_unrealized_federal_progressive_bezos,16,3,0.009868421052631578
10,19_federal_fraud_errands_employees,19,11,0.03618421052631579
10,1_boundaries_plans_staying_bills,1,27,0.08881578947368421
10,20_enforcement_roads_traffic_features,20,6,0.019736842105263157
10,21_boundaries_approaching_conversations_topics,21,5,0.01644736842105263
10,22_emotion_memes_audience_entertainment,22,2,0.006578947368421052
10,24_consumption_farms_agriculture_farmers,24,1,0.003289473684210526
10,25_economy_aa_aisle_overhead,25,6,0.019736842105263157
10,29_reform_deterrence_poverty_appeals,29,1,0.003289473684210526
10,2_debates_conclusions_disinformation_discussions,2,23,0.0756578947368421
10,36_democracy_politicians_corruption_candidates,36,2,0.006578947368421052
10,37_businesses_industries_firms_corporations,37,11,0.03618421052631579
10,38_fences_irresponsible_neglecting_fence,38,1,0.003289473684210526
10,39_stressful_boredom_forgetting_socially,39,2,0.006578947368421052
10,3_pasta_rice_burgers_trucks,3,134,0.4407894736842105
10,40_entitled_houses_household_encountered,40,2,0.006578947368421052
10,41_english_disease_marginalized_superpower,41,4,0.013157894736842105
10,42_questioning_consideration_stating_experiences,42,1,0.003289473684210526
10,43_abused_abusive_doxxing_teenagers,43,1,0.003289473684210526
10,44_wishes_abuse_dis_neglected,44,2,0.006578947368421052
10,45_qualitative_closure_experiences_descriptions,45,3,0.009868421052631578
10,46_spouse_busy_texted_messages,46,8,0.02631578947368421
10,47_generosity_poverty_financial_discretionary,47,1,0.003289473684210526
10,49_typing_clunky_functionality_iphones,49,1,0.003289473684210526
10,4_outcomes_statistics_roles_expectations,4,4,0.013157894736842105
10,6_conservative_beliefs_sharia_criticize,6,1,0.003289473684210526
10,8_wars_competent_episodes_drama,8,3,0.009868421052631578
11,0_politicians_elections_gerrymandering_democrats,0,10,0.03861003861003861
11,10_democratic_voting_voters_dems,10,6,0.023166023166023165
11,11_toilets_stalls_jug_soap,11,1,0.003861003861003861
11,12_gambling_viewership_titles_entertaining,12,1,0.003861003861003861
11,13_infrastructure_crisis_communities_economic,13,4,0.015444015444015444
11,14_distrust_demanding_raising_doubts,14,4,0.015444015444015444
11,16_unrealized_federal_progressive_bezos,16,2,0.007722007722007722
11,17_federal_denials_regulations_outcomes,17,1,0.003861003861003861
11,19_federal_fraud_errands_employees,19,5,0.019305019305019305
11,1_boundaries_plans_staying_bills,1,7,0.02702702702702703
11,20_enforcement_roads_traffic_features,20,3,0.011583011583011582
11,21_boundaries_approaching_conversations_topics,21,13,0.05019305019305019
11,24_consumption_farms_agriculture_farmers,24,4,0.015444015444015444
11,2_debates_conclusions_disinformation_discussions,2,14,0.05405405405405406
11,30_democratic_deficits_democrats_congress,30,2,0.007722007722007722
11,31_regulation_regulated_subsidization_legalization,31,1,0.003861003861003861
11,32_economy_unemployment_accuracy_employment,32,1,0.003861003861003861
11,33_conservatives_conservative_liberals_hypocritical,33,1,0.003861003861003861
11,34_corruption_president_leaders_deterrence,34,2,0.007722007722007722
11,36_democracy_politicians_corruption_candidates,36,1,0.003861003861003861
11,37_businesses_industries_firms_corporations,37,4,0.015444015444015444
11,3_pasta_rice_burgers_trucks,3,4,0.015444015444015444
11,40_entitled_houses_household_encountered,40,2,0.007722007722007722
11,41_english_disease_marginalized_superpower,41,1,0.003861003861003861
11,42_questioning_consideration_stating_experiences,42,8,0.03088803088803089
11,43_abused_abusive_doxxing_teenagers,43,3,0.011583011583011582
11,45_qualitative_closure_experiences_descriptions,45,8,0.03088803088803089
11,46_spouse_busy_texted_messages,46,2,0.007722007722007722
11,4_outcomes_statistics_roles_expectations,4,111,0.42857142857142855
11,50_bans_discipline_ban_regulate,50,14,0.05405405405405406
11,52_conflict_justification_gas_movies,52,9,0.03474903474903475
11,5_casualties_attacks_terrorism_hamas,5,4,0.015444015444015444
11,6_conservative_beliefs_sharia_criticize,6,4,0.015444015444015444
11,8_wars_competent_episodes_drama,8,2,0.007722007722007722
12,0_politicians_elections_gerrymandering_democrats,0,10,0.043478260869565216
12,11_toilets_stalls_jug_soap,11,7,0.030434782608695653
12,12_gambling_viewership_titles_entertaining,12,2,0.008695652173913044
12,13_infrastructure_crisis_communities_economic,13,1,0.004347826086956522
12,14_distrust_demanding_raising_doubts,14,10,0.043478260869565216
12,15_democrats_election_democrat_dems,15,2,0.008695652173913044
12,16_unrealized_federal_progressive_bezos,16,2,0.008695652173913044
12,19_federal_fraud_errands_employees,19,5,0.021739130434782608
12,1_boundaries_plans_staying_bills,1,15,0.06521739130434782
12,20_enforcement_roads_traffic_features,20,1,0.004347826086956522
12,21_boundaries_approaching_conversations_topics,21,7,0.030434782608695653
12,22_emotion_memes_audience_entertainment,22,1,0.004347826086956522
12,26_criteria_difficulties_functioning_functional,26,4,0.017391304347826087
12,2_debates_conclusions_disinformation_discussions,2,11,0.04782608695652174
12,30_democratic_deficits_democrats_congress,30,1,0.004347826086956522
12,36_democracy_politicians_corruption_candidates,36,1,0.004347826086956522
12,37_businesses_industries_firms_corporations,37,14,0.06086956521739131
12,38_fences_irresponsible_neglecting_fence,38,6,0.02608695652173913
12,3_pasta_rice_burgers_trucks,3,7,0.030434782608695653
12,40_entitled_houses_household_encountered,40,67,0.29130434782608694
12,41_english_disease_marginalized_superpower,41,7,0.030434782608695653
12,43_abused_abusive_doxxing_teenagers,43,2,0.008695652173913044
12,45_qualitative_closure_experiences_descriptions,45,10,0.043478260869565216
12,46_spouse_busy_texted_messages,46,5,0.021739130434782608
12,49_typing_clunky_functionality_iphones,49,2,0.008695652173913044
12,4_outcomes_statistics_roles_expectations,4,24,0.10434782608695652
12,50_bans_discipline_ban_regulate,50,1,0.004347826086956522
12,51_crisis_embrace_violence_tendencies,51,1,0.004347826086956522
12,5_casualties_attacks_terrorism_hamas,5,1,0.004347826086956522
12,6_conservative_beliefs_sharia_criticize,6,1,0.004347826086956522
12,7_democrats_republicans_president_biden,7,1,0.004347826086956522
12,9_topics_district_funding_federal,9,1,0.004347826086956522
13,0_politicians_elections_gerrymandering_democrats,0,5,0.03289473684210526
13,10_democratic_voting_voters_dems,10,1,0.006578947368421052
13,11_toilets_stalls_jug_soap,11,6,0.039473684210526314
13,12_gambling_viewership_titles_entertaining,12,1,0.006578947368421052
13,13_infrastructure_crisis_communities_economic,13,1,0.006578947368421052
13,14_distrust_demanding_raising_doubts,14,2,0.013157894736842105
13,15_democrats_election_democrat_dems,15,1,0.006578947368421052
13,17_federal_denials_regulations_outcomes,17,2,0.013157894736842105
13,19_federal_fraud_errands_employees,19,2,0.013157894736842105
13,1_boundaries_plans_staying_bills,1,5,0.03289473684210526
13,20_enforcement_roads_traffic_features,20,1,0.006578947368421052
13,21_boundaries_approaching_conversations_topics,21,4,0.02631578947368421
13,22_emotion_memes_audience_entertainment,22,2,0.013157894736842105
13,23_partisan_president_biden_congress,23,1,0.006578947368421052
13,24_consumption_farms_agriculture_farmers,24,1,0.006578947368421052
13,25_economy_aa_aisle_overhead,25,4,0.02631578947368421
13,26_criteria_difficulties_functioning_functional,26,9,0.05921052631578947
13,29_reform_deterrence_poverty_appeals,29,1,0.006578947368421052
13,2_debates_conclusions_disinformation_discussions,2,14,0.09210526315789473
13,31_regulation_regulated_subsidization_legalization,31,2,0.013157894736842105
13,32_economy_unemployment_accuracy_employment,32,1,0.006578947368421052
13,33_conservatives_conservative_liberals_hypocritical,33,4,0.02631578947368421
13,36_democracy_politicians_corruption_candidates,36,1,0.006578947368421052
13,37_businesses_industries_firms_corporations,37,3,0.019736842105263157
13,39_stressful_boredom_forgetting_socially,39,1,0.006578947368421052
13,3_pasta_rice_burgers_trucks,3,8,0.05263157894736842
13,40_entitled_houses_household_encountered,40,3,0.019736842105263157
13,43_abused_abusive_doxxing_teenagers,43,1,0.006578947368421052
13,45_qualitative_closure_experiences_descriptions,45,4,0.02631578947368421
13,46_spouse_busy_texted_messages,46,5,0.03289473684210526
13,4_outcomes_statistics_roles_expectations,4,32,0.21052631578947367
13,52_conflict_justification_gas_movies,52,2,0.013157894736842105
13,5_casualties_attacks_terrorism_hamas,5,1,0.006578947368421052
13,8_wars_competent_episodes_drama,8,17,0.1118421052631579
13,9_topics_district_funding_federal,9,4,0.02631578947368421
14,0_politicians_elections_gerrymandering_democrats,0,2,0.015625
14,10_democratic_voting_voters_dems,10,4,0.03125
14,11_toilets_stalls_jug_soap,11,2,0.015625
14,12_gambling_viewership_titles_entertaining,12,12,0.09375
14,13_infrastructure_crisis_communities_economic,13,1,0.0078125
14,16_unrealized_federal_progressive_bezos,16,2,0.015625
14,17_federal_denials_regulations_outcomes,17,1,0.0078125
14,18_regimes_democracies_dictatorship_democratic,18,2,0.015625
14,19_federal_fraud_errands_employees,19,1,0.0078125
14,1_boundaries_plans_staying_bills,1,2,0.015625
14,20_enforcement_roads_traffic_features,20,3,0.0234375
14,22_emotion_memes_audience_entertainment,22,2,0.015625
14,25_economy_aa_aisle_overhead,25,3,0.0234375
14,27_geopolitical_terrorism_diplomacy_attacks,27,1,0.0078125
14,28_skill_kanye_punk_skilled,28,5,0.0390625
14,2_debates_conclusions_disinformation_discussions,2,10,0.078125
14,30_democratic_deficits_democrats_congress,30,2,0.015625
14,31_regulation_regulated_subsidization_legalization,31,2,0.015625
14,34_corruption_president_leaders_deterrence,34,1,0.0078125
14,36_democracy_politicians_corruption_candidates,36,1,0.0078125
14,37_businesses_industries_firms_corporations,37,4,0.03125
14,39_stressful_boredom_forgetting_socially,39,2,0.015625
14,3_pasta_rice_burgers_trucks,3,4,0.03125
14,40_entitled_houses_household_encountered,40,3,0.0234375
14,41_english_disease_marginalized_superpower,41,1,0.0078125
14,42_questioning_consideration_stating_experiences,42,1,0.0078125
14,45_qualitative_closure_experiences_descriptions,45,4,0.03125
14,46_spouse_busy_texted_messages,46,3,0.0234375
14,47_generosity_poverty_financial_discretionary,47,1,0.0078125
14,49_typing_clunky_functionality_iphones,49,1,0.0078125
14,4_outcomes_statistics_roles_expectations,4,1,0.0078125
14,50_bans_discipline_ban_regulate,50,1,0.0078125
14,51_crisis_embrace_violence_tendencies,51,1,0.0078125
14,52_conflict_justification_gas_movies,52,1,0.0078125
14,5_casualties_attacks_terrorism_hamas,5,6,0.046875
14,6_conservative_beliefs_sharia_criticize,6,20,0.15625
14,7_democrats_republicans_president_biden,7,1,0.0078125
14,8_wars_competent_episodes_drama,8,11,0.0859375
14,9_topics_district_funding_federal,9,3,0.0234375
15,0_politicians_elections_gerrymandering_democrats,0,2,0.010526315789473684
15,10_democratic_voting_voters_dems,10,7,0.03684210526315789
15,11_toilets_stalls_jug_soap,11,1,0.005263157894736842
15,14_distrust_demanding_raising_doubts,14,2,0.010526315789473684
15,18_regimes_democracies_dictatorship_democratic,18,4,0.021052631578947368
15,19_federal_fraud_errands_employees,19,1,0.005263157894736842
15,1_boundaries_plans_staying_bills,1,5,0.02631578947368421
15,20_enforcement_roads_traffic_features,20,5,0.02631578947368421
15,21_boundaries_approaching_conversations_topics,21,2,0.010526315789473684
15,23_partisan_president_biden_congress,23,2,0.010526315789473684
15,26_criteria_difficulties_functioning_functional,26,1,0.005263157894736842
15,27_geopolitical_terrorism_diplomacy_attacks,27,2,0.010526315789473684
15,28_skill_kanye_punk_skilled,28,1,0.005263157894736842
15,2_debates_conclusions_disinformation_discussions,2,8,0.042105263157894736
15,32_economy_unemployment_accuracy_employment,32,1,0.005263157894736842
15,33_conservatives_conservative_liberals_hypocritical,33,1,0.005263157894736842
15,36_democracy_politicians_corruption_candidates,36,1,0.005263157894736842
15,37_businesses_industries_firms_corporations,37,3,0.015789473684210527
15,41_english_disease_marginalized_superpower,41,13,0.06842105263157895
15,42_questioning_consideration_stating_experiences,42,4,0.021052631578947368
15,43_abused_abusive_doxxing_teenagers,43,3,0.015789473684210527
15,45_qualitative_closure_experiences_descriptions,45,3,0.015789473684210527
15,46_spouse_busy_texted_messages,46,1,0.005263157894736842
15,47_generosity_poverty_financial_discretionary,47,1,0.005263157894736842
15,48_dishonest_committed_jokes_intentions,48,3,0.015789473684210527
15,4_outcomes_statistics_roles_expectations,4,4,0.021052631578947368
15,50_bans_discipline_ban_regulate,50,6,0.031578947368421054
15,51_crisis_embrace_violence_tendencies,51,3,0.015789473684210527
15,52_conflict_justification_gas_movies,52,1,0.005263157894736842
15,5_casualties_attacks_terrorism_hamas,5,94,0.49473684210526314
15,6_conservative_beliefs_sharia_criticize,6,2,0.010526315789473684
15,9_topics_district_funding_federal,9,3,0.015789473684210527
16,0_politicians_elections_gerrymandering_democrats,0,1,0.006329113924050633
16,11_toilets_stalls_jug_soap,11,11,0.06962025316455696
16,12_gambling_viewership_titles_entertaining,12,1,0.006329113924050633
16,13_infrastructure_crisis_communities_economic,13,4,0.02531645569620253
16,14_distrust_demanding_raising_doubts,14,2,0.012658227848101266
16,17_federal_denials_regulations_outcomes,17,1,0.006329113924050633
16,19_federal_fraud_errands_employees,19,4,0.02531645569620253
16,1_boundaries_plans_staying_bills,1,9,0.056962025316455694
16,20_enforcement_roads_traffic_features,20,1,0.006329113924050633
16,21_boundaries_approaching_conversations_topics,21,4,0.02531645569620253
16,25_economy_aa_aisle_overhead,25,2,0.012658227848101266
16,26_criteria_difficulties_functioning_functional,26,1,0.006329113924050633
16,2_debates_conclusions_disinformation_discussions,2,17,0.10759493670886076
16,32_economy_unemployment_accuracy_employment,32,2,0.012658227848101266
16,33_conservatives_conservative_liberals_hypocritical,33,2,0.012658227848101266
16,37_businesses_industries_firms_corporations,37,2,0.012658227848101266
16,38_fences_irresponsible_neglecting_fence,38,2,0.012658227848101266
16,39_stressful_boredom_forgetting_socially,39,1,0.006329113924050633
16,3_pasta_rice_burgers_trucks,3,14,0.08860759493670886
16,40_entitled_houses_household_encountered,40,58,0.3670886075949367
16,45_qualitative_closure_experiences_descriptions,45,3,0.0189873417721519
16,46_spouse_busy_texted_messages,46,8,0.05063291139240506
16,4_outcomes_statistics_roles_expectations,4,5,0.03164556962025317
16,8_wars_competent_episodes_drama,8,1,0.006329113924050633
16,9_topics_district_funding_federal,9,2,0.012658227848101266
17,0_politicians_elections_gerrymandering_democrats,0,3,0.01875
17,11_toilets_stalls_jug_soap,11,6,0.0375
17,12_gambling_viewership_titles_entertaining,12,1,0.00625
17,14_distrust_demanding_raising_doubts,14,1,0.00625
17,15_democrats_election_democrat_dems,15,1,0.00625
17,19_federal_fraud_errands_employees,19,15,0.09375
17,1_boundaries_plans_staying_bills,1,20,0.125
17,20_enforcement_roads_traffic_features,20,1,0.00625
17,21_boundaries_approaching_conversations_topics,21,5,0.03125
17,22_emotion_memes_audience_entertainment,22,2,0.0125
17,25_economy_aa_aisle_overhead,25,1,0.00625
17,26_criteria_difficulties_functioning_functional,26,1,0.00625
17,28_skill_kanye_punk_skilled,28,1,0.00625
17,29_reform_deterrence_poverty_appeals,29,2,0.0125
17,2_debates_conclusions_disinformation_discussions,2,24,0.15
17,31_regulation_regulated_subsidization_legalization,31,1,0.00625
17,32_economy_unemployment_accuracy_employment,32,1,0.00625
17,33_conservatives_conservative_liberals_hypocritical,33,1,0.00625
17,36_democracy_politicians_corruption_candidates,36,1,0.00625
17,37_businesses_industries_firms_corporations,37,7,0.04375
17,3_pasta_rice_burgers_trucks,3,3,0.01875
17,40_entitled_houses_household_encountered,40,1,0.00625
17,43_abused_abusive_doxxing_teenagers,43,18,0.1125
17,45_qualitative_closure_experiences_descriptions,45,7,0.04375
17,46_spouse_busy_texted_messages,46,5,0.03125
17,4_outcomes_statistics_roles_expectations,4,10,0.0625
17,50_bans_discipline_ban_regulate,50,6,0.0375
17,5_casualties_attacks_terrorism_hamas,5,2,0.0125
17,7_democrats_republicans_president_biden,7,3,0.01875
17,8_wars_competent_episodes_drama,8,9,0.05625
17,9_topics_district_funding_federal,9,1,0.00625
18,0_politicians_elections_gerrymandering_democrats,0,4,0.03361344537815126
18,11_toilets_stalls_jug_soap,11,2,0.01680672268907563
18,13_infrastructure_crisis_communities_economic,13,3,0.025210084033613446
18,16_unrealized_federal_progressive_bezos,16,3,0.025210084033613446
18,18_regimes_democracies_dictatorship_democratic,18,1,0.008403361344537815
18,19_federal_fraud_errands_employees,19,21,0.17647058823529413
18,20_enforcement_roads_traffic_features,20,3,0.025210084033613446
18,22_emotion_memes_audience_entertainment,22,1,0.008403361344537815
18,28_skill_kanye_punk_skilled,28,2,0.01680672268907563
18,29_reform_deterrence_poverty_appeals,29,2,0.01680672268907563
18,2_debates_conclusions_disinformation_discussions,2,12,0.10084033613445378
18,30_democratic_deficits_democrats_congress,30,2,0.01680672268907563
18,31_regulation_regulated_subsidization_legalization,31,2,0.01680672268907563
18,32_economy_unemployment_accuracy_employment,32,1,0.008403361344537815
18,33_conservatives_conservative_liberals_hypocritical,33,1,0.008403361344537815
18,34_corruption_president_leaders_deterrence,34,3,0.025210084033613446
18,36_democracy_politicians_corruption_candidates,36,2,0.01680672268907563
18,37_businesses_industries_firms_corporations,37,6,0.05042016806722689
18,39_stressful_boredom_forgetting_socially,39,4,0.03361344537815126
18,3_pasta_rice_burgers_trucks,3,13,0.1092436974789916
18,41_english_disease_marginalized_superpower,41,2,0.01680672268907563
18,43_abused_abusive_doxxing_teenagers,43,1,0.008403361344537815
18,45_qualitative_closure_experiences_descriptions,45,6,0.05042016806722689
18,46_spouse_busy_texted_messages,46,1,0.008403361344537815
18,47_generosity_poverty_financial_discretionary,47,1,0.008403361344537815
18,49_typing_clunky_functionality_iphones,49,7,0.058823529411764705
18,4_outcomes_statistics_roles_expectations,4,7,0.058823529411764705
18,50_bans_discipline_ban_regulate,50,2,0.01680672268907563
18,52_conflict_justification_gas_movies,52,1,0.008403361344537815
18,7_democrats_republicans_president_biden,7,2,0.01680672268907563
18,8_wars_competent_episodes_drama,8,1,0.008403361344537815
19,0_politicians_elections_gerrymandering_democrats,0,15,0.07352941176470588
19,11_toilets_stalls_jug_soap,11,2,0.00980392156862745
19,12_gambling_viewership_titles_entertaining,12,4,0.0196078431372549
19,13_infrastructure_crisis_communities_economic,13,2,0.00980392156862745
19,14_distrust_demanding_raising_doubts,14,1,0.004901960784313725
19,16_unrealized_federal_progressive_bezos,16,4,0.0196078431372549
19,17_federal_denials_regulations_outcomes,17,2,0.00980392156862745
19,19_federal_fraud_errands_employees,19,4,0.0196078431372549
19,1_boundaries_plans_staying_bills,1,18,0.08823529411764706
19,20_enforcement_roads_traffic_features,20,8,0.0392156862745098
19,21_boundaries_approaching_conversations_topics,21,5,0.024509803921568627
19,24_consumption_farms_agriculture_farmers,24,1,0.004901960784313725
19,25_economy_aa_aisle_overhead,25,3,0.014705882352941176
19,26_criteria_difficulties_functioning_functional,26,2,0.00980392156862745
19,27_geopolitical_terrorism_diplomacy_attacks,27,1,0.004901960784313725
19,29_reform_deterrence_poverty_appeals,29,1,0.004901960784313725
19,2_debates_conclusions_disinformation_discussions,2,23,0.11274509803921569
19,30_democratic_deficits_democrats_congress,30,2,0.00980392156862745
19,31_regulation_regulated_subsidization_legalization,31,2,0.00980392156862745
19,33_conservatives_conservative_liberals_hypocritical,33,3,0.014705882352941176
19,37_businesses_industries_firms_corporations,37,1,0.004901960784313725
19,39_stressful_boredom_forgetting_socially,39,3,0.014705882352941176
19,3_pasta_rice_burgers_trucks,3,10,0.049019607843137254
19,40_entitled_houses_household_encountered,40,8,0.0392156862745098
19,41_english_disease_marginalized_superpower,41,3,0.014705882352941176
19,42_questioning_consideration_stating_experiences,42,4,0.0196078431372549
19,43_abused_abusive_doxxing_teenagers,43,3,0.014705882352941176
19,45_qualitative_closure_experiences_descriptions,45,3,0.014705882352941176
19,46_spouse_busy_texted_messages,46,9,0.04411764705882353
19,47_generosity_poverty_financial_discretionary,47,3,0.014705882352941176
19,48_dishonest_committed_jokes_intentions,48,1,0.004901960784313725
19,49_typing_clunky_functionality_iphones,49,2,0.00980392156862745
19,4_outcomes_statistics_roles_expectations,4,16,0.0784313725490196
19,51_crisis_embrace_violence_tendencies,51,1,0.004901960784313725
19,52_conflict_justification_gas_movies,52,4,0.0196078431372549
19,6_conservative_beliefs_sharia_criticize,6,2,0.00980392156862745
19,8_wars_competent_episodes_drama,8,20,0.09803921568627451
19,9_topics_district_funding_federal,9,8,0.0392156862745098
20,0_politicians_elections_gerrymandering_democrats,0,9,0.04712041884816754
20,10_democratic_voting_voters_dems,10,1,0.005235602094240838
20,11_toilets_stalls_jug_soap,11,3,0.015706806282722512
20,12_gambling_viewership_titles_entertaining,12,2,0.010471204188481676
20,14_distrust_demanding_raising_doubts,14,1,0.005235602094240838
20,18_regimes_democracies_dictatorship_democratic,18,1,0.005235602094240838
20,19_federal_fraud_errands_employees,19,3,0.015706806282722512
20,1_boundaries_plans_staying_bills,1,13,0.06806282722513089
20,21_boundaries_approaching_conversations_topics,21,10,0.05235602094240838
20,22_emotion_memes_audience_entertainment,22,2,0.010471204188481676
20,24_consumption_farms_agriculture_farmers,24,1,0.005235602094240838
20,25_economy_aa_aisle_overhead,25,1,0.005235602094240838
20,26_criteria_difficulties_functioning_functional,26,2,0.010471204188481676
20,28_skill_kanye_punk_skilled,28,1,0.005235602094240838
20,2_debates_conclusions_disinformation_discussions,2,15,0.07853403141361257
20,31_regulation_regulated_subsidization_legalization,31,1,0.005235602094240838
20,32_economy_unemployment_accuracy_employment,32,1,0.005235602094240838
20,33_conservatives_conservative_liberals_hypocritical,33,1,0.005235602094240838
20,36_democracy_politicians_corruption_candidates,36,2,0.010471204188481676
20,37_businesses_industries_firms_corporations,37,4,0.020942408376963352
20,38_fences_irresponsible_neglecting_fence,38,2,0.010471204188481676
20,39_stressful_boredom_forgetting_socially,39,3,0.015706806282722512
20,3_pasta_rice_burgers_trucks,3,65,0.3403141361256545
20,40_entitled_houses_household_encountered,40,2,0.010471204188481676
20,42_questioning_consideration_stating_experiences,42,1,0.005235602094240838
20,44_wishes_abuse_dis_neglected,44,2,0.010471204188481676
20,45_qualitative_closure_experiences_descriptions,45,4,0.020942408376963352
20,46_spouse_busy_texted_messages,46,7,0.03664921465968586
20,47_generosity_poverty_financial_discretionary,47,1,0.005235602094240838
20,48_dishonest_committed_jokes_intentions,48,1,0.005235602094240838
20,4_outcomes_statistics_roles_expectations,4,5,0.02617801047120419
20,50_bans_discipline_ban_regulate,50,1,0.005235602094240838
20,51_crisis_embrace_violence_tendencies,51,2,0.010471204188481676
20,8_wars_competent_episodes_drama,8,17,0.08900523560209424
20,9_topics_district_funding_federal,9,4,0.020942408376963352
21,0_politicians_elections_gerrymandering_democrats,0,3,0.02586206896551724
21,10_democratic_voting_voters_dems,10,3,0.02586206896551724
21,11_toilets_stalls_jug_soap,11,1,0.008620689655172414
21,13_infrastructure_crisis_communities_economic,13,2,0.017241379310344827
21,14_distrust_demanding_raising_doubts,14,1,0.008620689655172414
21,16_unrealized_federal_progressive_bezos,16,2,0.017241379310344827
21,17_federal_denials_regulations_outcomes,17,14,0.1206896551724138
21,19_federal_fraud_errands_employees,19,6,0.05172413793103448
21,1_boundaries_plans_staying_bills,1,3,0.02586206896551724
21,21_boundaries_approaching_conversations_topics,21,3,0.02586206896551724
21,26_criteria_difficulties_functioning_functional,26,1,0.008620689655172414
21,27_geopolitical_terrorism_diplomacy_attacks,27,4,0.034482758620689655
21,28_skill_kanye_punk_skilled,28,2,0.017241379310344827
21,29_reform_deterrence_poverty_appeals,29,6,0.05172413793103448
21,2_debates_conclusions_disinformation_discussions,2,13,0.11206896551724138
21,30_democratic_deficits_democrats_congress,30,2,0.017241379310344827
21,32_economy_unemployment_accuracy_employment,32,1,0.008620689655172414
21,33_conservatives_conservative_liberals_hypocritical,33,4,0.034482758620689655
21,36_democracy_politicians_corruption_candidates,36,1,0.008620689655172414
21,37_businesses_industries_firms_corporations,37,12,0.10344827586206896
21,3_pasta_rice_burgers_trucks,3,5,0.04310344827586207
21,41_english_disease_marginalized_superpower,41,3,0.02586206896551724
21,42_questioning_consideration_stating_experiences,42,1,0.008620689655172414
21,43_abused_abusive_doxxing_teenagers,43,2,0.017241379310344827
21,45_qualitative_closure_experiences_descriptions,45,5,0.04310344827586207
21,46_spouse_busy_texted_messages,46,4,0.034482758620689655
21,49_typing_clunky_functionality_iphones,49,2,0.017241379310344827
21,4_outcomes_statistics_roles_expectations,4,4,0.034482758620689655
21,50_bans_discipline_ban_regulate,50,2,0.017241379310344827
21,7_democrats_republicans_president_biden,7,1,0.008620689655172414
21,8_wars_competent_episodes_drama,8,3,0.02586206896551724
22,0_politicians_elections_gerrymandering_democrats,0,3,0.022058823529411766
22,13_infrastructure_crisis_communities_economic,13,10,0.07352941176470588
22,14_distrust_demanding_raising_doubts,14,1,0.007352941176470588
22,15_democrats_election_democrat_dems,15,3,0.022058823529411766
22,16_unrealized_federal_progressive_bezos,16,11,0.08088235294117647
22,18_regimes_democracies_dictatorship_democratic,18,2,0.014705882352941176
22,19_federal_fraud_errands_employees,19,10,0.07352941176470588
22,1_boundaries_plans_staying_bills,1,8,0.058823529411764705
22,21_boundaries_approaching_conversations_topics,21,1,0.007352941176470588
22,22_emotion_memes_audience_entertainment,22,1,0.007352941176470588
22,23_partisan_president_biden_congress,23,1,0.007352941176470588
22,24_consumption_farms_agriculture_farmers,24,2,0.014705882352941176
22,26_criteria_difficulties_functioning_functional,26,3,0.022058823529411766
22,29_reform_deterrence_poverty_appeals,29,1,0.007352941176470588
22,2_debates_conclusions_disinformation_discussions,2,9,0.0661764705882353
22,30_democratic_deficits_democrats_congress,30,1,0.007352941176470588
22,32_economy_unemployment_accuracy_employment,32,5,0.03676470588235294
22,33_conservatives_conservative_liberals_hypocritical,33,1,0.007352941176470588
22,36_democracy_politicians_corruption_candidates,36,4,0.029411764705882353
22,37_businesses_industries_firms_corporations,37,19,0.13970588235294118
22,38_fences_irresponsible_neglecting_fence,38,4,0.029411764705882353
22,3_pasta_rice_burgers_trucks,3,3,0.022058823529411766
22,41_english_disease_marginalized_superpower,41,1,0.007352941176470588
22,42_questioning_consideration_stating_experiences,42,3,0.022058823529411766
22,43_abused_abusive_doxxing_teenagers,43,1,0.007352941176470588
22,45_qualitative_closure_experiences_descriptions,45,8,0.058823529411764705
22,46_spouse_busy_texted_messages,46,3,0.022058823529411766
22,49_typing_clunky_functionality_iphones,49,1,0.007352941176470588
22,4_outcomes_statistics_roles_expectations,4,3,0.022058823529411766
22,5_casualties_attacks_terrorism_hamas,5,1,0.007352941176470588
22,6_conservative_beliefs_sharia_criticize,6,1,0.007352941176470588
22,7_democrats_republicans_president_biden,7,3,0.022058823529411766
22,8_wars_competent_episodes_drama,8,6,0.04411764705882353
22,9_topics_district_funding_federal,9,2,0.014705882352941176
23,0_politicians_elections_gerrymandering_democrats,0,7,0.05982905982905983
23,11_toilets_stalls_jug_soap,11,2,0.017094017094017096
23,12_gambling_viewership_titles_entertaining,12,1,0.008547008547008548
23,13_infrastructure_crisis_communities_economic,13,1,0.008547008547008548
23,15_democrats_election_democrat_dems,15,1,0.008547008547008548
23,16_unrealized_federal_progressive_bezos,16,2,0.017094017094017096
23,17_federal_denials_regulations_outcomes,17,1,0.008547008547008548
23,18_regimes_democracies_dictatorship_democratic,18,2,0.017094017094017096
23,19_federal_fraud_errands_employees,19,3,0.02564102564102564
23,1_boundaries_plans_staying_bills,1,5,0.042735042735042736
23,21_boundaries_approaching_conversations_topics,21,3,0.02564102564102564
23,24_consumption_farms_agriculture_farmers,24,1,0.008547008547008548
23,25_economy_aa_aisle_overhead,25,12,0.10256410256410256
23,26_criteria_difficulties_functioning_functional,26,3,0.02564102564102564
23,2_debates_conclusions_disinformation_discussions,2,12,0.10256410256410256
23,31_regulation_regulated_subsidization_legalization,31,1,0.008547008547008548
23,36_democracy_politicians_corruption_candidates,36,2,0.017094017094017096
23,37_businesses_industries_firms_corporations,37,4,0.03418803418803419
23,3_pasta_rice_burgers_trucks,3,11,0.09401709401709402
23,40_entitled_houses_household_encountered,40,1,0.008547008547008548
23,41_english_disease_marginalized_superpower,41,2,0.017094017094017096
23,42_questioning_consideration_stating_experiences,42,2,0.017094017094017096
23,43_abused_abusive_doxxing_teenagers,43,1,0.008547008547008548
23,44_wishes_abuse_dis_neglected,44,1,0.008547008547008548
23,45_qualitative_closure_experiences_descriptions,45,11,0.09401709401709402
23,46_spouse_busy_texted_messages,46,3,0.02564102564102564
23,4_outcomes_statistics_roles_expectations,4,1,0.008547008547008548
23,50_bans_discipline_ban_regulate,50,9,0.07692307692307693
23,51_crisis_embrace_violence_tendencies,51,1,0.008547008547008548
23,52_conflict_justification_gas_movies,52,2,0.017094017094017096
23,5_casualties_attacks_terrorism_hamas,5,1,0.008547008547008548
23,6_conservative_beliefs_sharia_criticize,6,1,0.008547008547008548
23,7_democrats_republicans_president_biden,7,2,0.017094017094017096
23,8_wars_competent_episodes_drama,8,1,0.008547008547008548
23,9_topics_district_funding_federal,9,4,0.03418803418803419
24,0_politicians_elections_gerrymandering_democrats,0,4,0.038461538461538464
24,10_democratic_voting_voters_dems,10,2,0.019230769230769232
24,13_infrastructure_crisis_communities_economic,13,1,0.009615384615384616
24,17_federal_denials_regulations_outcomes,17,1,0.009615384615384616
24,19_federal_fraud_errands_employees,19,2,0.019230769230769232
24,1_boundaries_plans_staying_bills,1,2,0.019230769230769232
24,21_boundaries_approaching_conversations_topics,21,3,0.028846153846153848
24,22_emotion_memes_audience_entertainment,22,1,0.009615384615384616
24,25_economy_aa_aisle_overhead,25,1,0.009615384615384616
24,26_criteria_difficulties_functioning_functional,26,4,0.038461538461538464
24,28_skill_kanye_punk_skilled,28,1,0.009615384615384616
24,29_reform_deterrence_poverty_appeals,29,2,0.019230769230769232
24,2_debates_conclusions_disinformation_discussions,2,6,0.057692307692307696
24,33_conservatives_conservative_liberals_hypocritical,33,1,0.009615384615384616
24,36_democracy_politicians_corruption_candidates,36,1,0.009615384615384616
24,37_businesses_industries_firms_corporations,37,2,0.019230769230769232
24,3_pasta_rice_burgers_trucks,3,1,0.009615384615384616
24,42_questioning_consideration_stating_experiences,42,2,0.019230769230769232
24,45_qualitative_closure_experiences_descriptions,45,5,0.04807692307692308
24,47_generosity_poverty_financial_discretionary,47,2,0.019230769230769232
24,48_dishonest_committed_jokes_intentions,48,1,0.009615384615384616
24,4_outcomes_statistics_roles_expectations,4,58,0.5576923076923077
24,6_conservative_beliefs_sharia_criticize,6,1,0.009615384615384616
25,0_politicians_elections_gerrymandering_democrats,0,5,0.0390625
25,10_democratic_voting_voters_dems,10,1,0.0078125
25,11_toilets_stalls_jug_soap,11,3,0.0234375
25,12_gambling_viewership_titles_entertaining,12,11,0.0859375
25,13_infrastructure_crisis_communities_economic,13,7,0.0546875
25,16_unrealized_federal_progressive_bezos,16,6,0.046875
25,18_regimes_democracies_dictatorship_democratic,18,5,0.0390625
25,19_federal_fraud_errands_employees,19,2,0.015625
25,1_boundaries_plans_staying_bills,1,4,0.03125
25,20_enforcement_roads_traffic_features,20,3,0.0234375
25,22_emotion_memes_audience_entertainment,22,1,0.0078125
25,25_economy_aa_aisle_overhead,25,1,0.0078125
25,28_skill_kanye_punk_skilled,28,9,0.0703125
25,2_debates_conclusions_disinformation_discussions,2,5,0.0390625
25,32_economy_unemployment_accuracy_employment,32,4,0.03125
25,37_businesses_industries_firms_corporations,37,1,0.0078125
25,38_fences_irresponsible_neglecting_fence,38,1,0.0078125
25,3_pasta_rice_burgers_trucks,3,7,0.0546875
25,41_english_disease_marginalized_superpower,41,13,0.1015625
25,45_qualitative_closure_experiences_descriptions,45,2,0.015625
25,46_spouse_busy_texted_messages,46,1,0.0078125
25,49_typing_clunky_functionality_iphones,49,4,0.03125
25,51_crisis_embrace_violence_tendencies,51,1,0.0078125
25,52_conflict_justification_gas_movies,52,9,0.0703125
25,5_casualties_attacks_terrorism_hamas,5,11,0.0859375
25,6_conservative_beliefs_sharia_criticize,6,2,0.015625
25,7_democrats_republicans_president_biden,7,1,0.0078125
25,8_wars_competent_episodes_drama,8,5,0.0390625
25,9_topics_district_funding_federal,9,3,0.0234375
26,0_politicians_elections_gerrymandering_democrats,0,1,0.009523809523809525
26,12_gambling_viewership_titles_entertaining,12,1,0.009523809523809525
26,13_infrastructure_crisis_communities_economic,13,1,0.009523809523809525
26,14_distrust_demanding_raising_doubts,14,37,0.3523809523809524
26,15_democrats_election_democrat_dems,15,1,0.009523809523809525
26,17_federal_denials_regulations_outcomes,17,1,0.009523809523809525
26,19_federal_fraud_errands_employees,19,2,0.01904761904761905
26,1_boundaries_plans_staying_bills,1,8,0.0761904761904762
26,20_enforcement_roads_traffic_features,20,1,0.009523809523809525
26,21_boundaries_approaching_conversations_topics,21,3,0.02857142857142857
26,24_consumption_farms_agriculture_farmers,24,1,0.009523809523809525
26,26_criteria_difficulties_functioning_functional,26,4,0.0380952380952381
26,29_reform_deterrence_poverty_appeals,29,1,0.009523809523809525
26,2_debates_conclusions_disinformation_discussions,2,5,0.047619047619047616
26,33_conservatives_conservative_liberals_hypocritical,33,2,0.01904761904761905
26,37_businesses_industries_firms_corporations,37,1,0.009523809523809525
26,3_pasta_rice_burgers_trucks,3,3,0.02857142857142857
26,41_english_disease_marginalized_superpower,41,1,0.009523809523809525
26,42_questioning_consideration_stating_experiences,42,1,0.009523809523809525
26,43_abused_abusive_doxxing_teenagers,43,2,0.01904761904761905
26,45_qualitative_closure_experiences_descriptions,45,4,0.0380952380952381
26,46_spouse_busy_texted_messages,46,3,0.02857142857142857
26,49_typing_clunky_functionality_iphones,49,2,0.01904761904761905
26,4_outcomes_statistics_roles_expectations,4,6,0.05714285714285714
26,8_wars_competent_episodes_drama,8,1,0.009523809523809525
26,9_topics_district_funding_federal,9,12,0.11428571428571428
27,0_politicians_elections_gerrymandering_democrats,0,22,0.30985915492957744
27,11_toilets_stalls_jug_soap,11,2,0.028169014084507043
27,12_gambling_viewership_titles_entertaining,12,4,0.056338028169014086
27,15_democrats_election_democrat_dems,15,3,0.04225352112676056
27,16_unrealized_federal_progressive_bezos,16,1,0.014084507042253521
27,18_regimes_democracies_dictatorship_democratic,18,1,0.014084507042253521
27,19_federal_fraud_errands_employees,19,3,0.04225352112676056
27,1_boundaries_plans_staying_bills,1,1,0.014084507042253521
27,20_enforcement_roads_traffic_features,20,3,0.04225352112676056
27,21_boundaries_approaching_conversations_topics,21,2,0.028169014084507043
27,23_partisan_president_biden_congress,23,1,0.014084507042253521
27,24_consumption_farms_agriculture_farmers,24,1,0.014084507042253521
27,28_skill_kanye_punk_skilled,28,3,0.04225352112676056
27,2_debates_conclusions_disinformation_discussions,2,2,0.028169014084507043
27,30_democratic_deficits_democrats_congress,30,2,0.028169014084507043
27,32_economy_unemployment_accuracy_employment,32,7,0.09859154929577464
27,33_conservatives_conservative_liberals_hypocritical,33,3,0.04225352112676056
27,36_democracy_politicians_corruption_candidates,36,1,0.014084507042253521
27,37_businesses_industries_firms_corporations,37,2,0.028169014084507043
27,3_pasta_rice_burgers_trucks,3,1,0.014084507042253521
27,42_questioning_consideration_stating_experiences,42,1,0.014084507042253521
27,45_qualitative_closure_experiences_descriptions,45,2,0.028169014084507043
27,46_spouse_busy_texted_messages,46,1,0.014084507042253521
27,5_casualties_attacks_terrorism_hamas,5,1,0.014084507042253521
27,7_democrats_republicans_president_biden,7,1,0.014084507042253521
28,0_politicians_elections_gerrymandering_democrats,0,6,0.04411764705882353
28,10_democratic_voting_voters_dems,10,2,0.014705882352941176
28,11_toilets_stalls_jug_soap,11,1,0.007352941176470588
28,12_gambling_viewership_titles_entertaining,12,1,0.007352941176470588
28,14_distrust_demanding_raising_doubts,14,1,0.007352941176470588
28,18_regimes_democracies_dictatorship_democratic,18,2,0.014705882352941176
28,19_federal_fraud_errands_employees,19,2,0.014705882352941176
28,1_boundaries_plans_staying_bills,1,3,0.022058823529411766
28,21_boundaries_approaching_conversations_topics,21,16,0.11764705882352941
28,24_consumption_farms_agriculture_farmers,24,1,0.007352941176470588
28,26_criteria_difficulties_functioning_functional,26,2,0.014705882352941176
28,2_debates_conclusions_disinformation_discussions,2,16,0.11764705882352941
28,30_democratic_deficits_democrats_congress,30,1,0.007352941176470588
28,32_economy_unemployment_accuracy_employment,32,13,0.09558823529411764
28,33_conservatives_conservative_liberals_hypocritical,33,4,0.029411764705882353
28,34_corruption_president_leaders_deterrence,34,1,0.007352941176470588
28,37_businesses_industries_firms_corporations,37,4,0.029411764705882353
28,39_stressful_boredom_forgetting_socially,39,2,0.014705882352941176
28,3_pasta_rice_burgers_trucks,3,3,0.022058823529411766
28,41_english_disease_marginalized_superpower,41,1,0.007352941176470588
28,42_questioning_consideration_stating_experiences,42,11,0.08088235294117647
28,43_abused_abusive_doxxing_teenagers,43,3,0.022058823529411766
28,45_qualitative_closure_experiences_descriptions,45,26,0.19117647058823528
28,47_generosity_poverty_financial_discretionary,47,5,0.03676470588235294
28,49_typing_clunky_functionality_iphones,49,1,0.007352941176470588
28,4_outcomes_statistics_roles_expectations,4,4,0.029411764705882353
28,7_democrats_republicans_president_biden,7,1,0.007352941176470588
28,8_wars_competent_episodes_drama,8,2,0.014705882352941176
28,9_topics_district_funding_federal,9,1,0.007352941176470588
29,0_politicians_elections_gerrymandering_democrats,0,13,0.21311475409836064
29,10_democratic_voting_voters_dems,10,5,0.08196721311475409
29,11_toilets_stalls_jug_soap,11,1,0.01639344262295082
29,16_unrealized_federal_progressive_bezos,16,2,0.03278688524590164
29,1_boundaries_plans_staying_bills,1,1,0.01639344262295082
29,20_enforcement_roads_traffic_features,20,1,0.01639344262295082
29,25_economy_aa_aisle_overhead,25,2,0.03278688524590164
29,26_criteria_difficulties_functioning_functional,26,2,0.03278688524590164
29,27_geopolitical_terrorism_diplomacy_attacks,27,1,0.01639344262295082
29,2_debates_conclusions_disinformation_discussions,2,2,0.03278688524590164
29,33_conservatives_conservative_liberals_hypocritical,33,1,0.01639344262295082
29,3_pasta_rice_burgers_trucks,3,2,0.03278688524590164
29,41_english_disease_marginalized_superpower,41,1,0.01639344262295082
29,42_questioning_consideration_stating_experiences,42,1,0.01639344262295082
29,43_abused_abusive_doxxing_teenagers,43,1,0.01639344262295082
29,4_outcomes_statistics_roles_expectations,4,18,0.29508196721311475
29,50_bans_discipline_ban_regulate,50,1,0.01639344262295082
29,5_casualties_attacks_terrorism_hamas,5,4,0.06557377049180328
29,8_wars_competent_episodes_drama,8,1,0.01639344262295082
29,9_topics_district_funding_federal,9,1,0.01639344262295082
30,0_politicians_elections_gerrymandering_democrats,0,8,0.14545454545454545
30,11_toilets_stalls_jug_soap,11,16,0.2909090909090909
30,13_infrastructure_crisis_communities_economic,13,2,0.03636363636363636
30,19_federal_fraud_errands_employees,19,1,0.01818181818181818
30,1_boundaries_plans_staying_bills,1,3,0.05454545454545454
30,21_boundaries_approaching_conversations_topics,21,2,0.03636363636363636
30,25_economy_aa_aisle_overhead,25,1,0.01818181818181818
30,2_debates_conclusions_disinformation_discussions,2,9,0.16363636363636364
30,30_democratic_deficits_democrats_congress,30,1,0.01818181818181818
30,33_conservatives_conservative_liberals_hypocritical,33,1,0.01818181818181818
30,3_pasta_rice_burgers_trucks,3,3,0.05454545454545454
30,40_entitled_houses_household_encountered,40,1,0.01818181818181818
30,42_questioning_consideration_stating_experiences,42,1,0.01818181818181818
30,45_qualitative_closure_experiences_descriptions,45,2,0.03636363636363636
30,46_spouse_busy_texted_messages,46,1,0.01818181818181818
30,51_crisis_embrace_violence_tendencies,51,1,0.01818181818181818
30,9_topics_district_funding_federal,9,2,0.03636363636363636
31,0_politicians_elections_gerrymandering_democrats,0,10,0.2702702702702703
31,12_gambling_viewership_titles_entertaining,12,1,0.02702702702702703
31,16_unrealized_federal_progressive_bezos,16,2,0.05405405405405406
31,21_boundaries_approaching_conversations_topics,21,2,0.05405405405405406
31,22_emotion_memes_audience_entertainment,22,2,0.05405405405405406
31,24_consumption_farms_agriculture_farmers,24,1,0.02702702702702703
31,26_criteria_difficulties_functioning_functional,26,1,0.02702702702702703
31,2_debates_conclusions_disinformation_discussions,2,2,0.05405405405405406
31,33_conservatives_conservative_liberals_hypocritical,33,5,0.13513513513513514
31,3_pasta_rice_burgers_trucks,3,2,0.05405405405405406
31,45_qualitative_closure_experiences_descriptions,45,2,0.05405405405405406
31,48_dishonest_committed_jokes_intentions,48,1,0.02702702702702703
31,4_outcomes_statistics_roles_expectations,4,1,0.02702702702702703
31,50_bans_discipline_ban_regulate,50,2,0.05405405405405406
31,7_democrats_republicans_president_biden,7,3,0.08108108108108109
32,0_politicians_elections_gerrymandering_democrats,0,15,0.45454545454545453
32,11_toilets_stalls_jug_soap,11,1,0.030303030303030304
32,12_gambling_viewership_titles_entertaining,12,1,0.030303030303030304
32,17_federal_denials_regulations_outcomes,17,1,0.030303030303030304
32,19_federal_fraud_errands_employees,19,1,0.030303030303030304
32,1_boundaries_plans_staying_bills,1,2,0.06060606060606061
32,20_enforcement_roads_traffic_features,20,2,0.06060606060606061
32,21_boundaries_approaching_conversations_topics,21,1,0.030303030303030304
32,2_debates_conclusions_disinformation_discussions,2,1,0.030303030303030304
32,39_stressful_boredom_forgetting_socially,39,1,0.030303030303030304
32,3_pasta_rice_burgers_trucks,3,2,0.06060606060606061
32,45_qualitative_closure_experiences_descriptions,45,2,0.06060606060606061
32,46_spouse_busy_texted_messages,46,2,0.06060606060606061
32,6_conservative_beliefs_sharia_criticize,6,1,0.030303030303030304
33,16_unrealized_federal_progressive_bezos,16,1,0.030303030303030304
33,19_federal_fraud_errands_employees,19,2,0.06060606060606061
33,1_boundaries_plans_staying_bills,1,1,0.030303030303030304
33,21_boundaries_approaching_conversations_topics,21,2,0.06060606060606061
33,26_criteria_difficulties_functioning_functional,26,2,0.06060606060606061
33,2_debates_conclusions_disinformation_discussions,2,2,0.06060606060606061
33,31_regulation_regulated_subsidization_legalization,31,2,0.06060606060606061
33,33_conservatives_conservative_liberals_hypocritical,33,1,0.030303030303030304
33,37_businesses_industries_firms_corporations,37,2,0.06060606060606061
33,3_pasta_rice_burgers_trucks,3,6,0.18181818181818182
33,40_entitled_houses_household_encountered,40,1,0.030303030303030304
33,43_abused_abusive_doxxing_teenagers,43,2,0.06060606060606061
33,46_spouse_busy_texted_messages,46,7,0.21212121212121213
33,4_outcomes_statistics_roles_expectations,4,1,0.030303030303030304
33,50_bans_discipline_ban_regulate,50,1,0.030303030303030304
34,0_politicians_elections_gerrymandering_democrats,0,1,0.015873015873015872
34,11_toilets_stalls_jug_soap,11,2,0.031746031746031744
34,12_gambling_viewership_titles_entertaining,12,2,0.031746031746031744
34,13_infrastructure_crisis_communities_economic,13,1,0.015873015873015872
34,15_democrats_election_democrat_dems,15,3,0.047619047619047616
34,18_regimes_democracies_dictatorship_democratic,18,1,0.015873015873015872
34,19_federal_fraud_errands_employees,19,2,0.031746031746031744
34,1_boundaries_plans_staying_bills,1,2,0.031746031746031744
34,21_boundaries_approaching_conversations_topics,21,4,0.06349206349206349
34,22_emotion_memes_audience_entertainment,22,1,0.015873015873015872
34,24_consumption_farms_agriculture_farmers,24,3,0.047619047619047616
34,25_economy_aa_aisle_overhead,25,1,0.015873015873015872
34,2_debates_conclusions_disinformation_discussions,2,9,0.14285714285714285
34,30_democratic_deficits_democrats_congress,30,1,0.015873015873015872
34,32_economy_unemployment_accuracy_employment,32,2,0.031746031746031744
34,33_conservatives_conservative_liberals_hypocritical,33,2,0.031746031746031744
34,3_pasta_rice_burgers_trucks,3,14,0.2222222222222222
34,40_entitled_houses_household_encountered,40,1,0.015873015873015872
34,45_qualitative_closure_experiences_descriptions,45,5,0.07936507936507936
34,46_spouse_busy_texted_messages,46,3,0.047619047619047616
34,4_outcomes_statistics_roles_expectations,4,1,0.015873015873015872
34,52_conflict_justification_gas_movies,52,1,0.015873015873015872
34,9_topics_district_funding_federal,9,1,0.015873015873015872
35,0_politicians_elections_gerrymandering_democrats,0,4,0.16666666666666666
35,16_unrealized_federal_progressive_bezos,16,1,0.041666666666666664
35,1_boundaries_plans_staying_bills,1,1,0.041666666666666664
35,20_enforcement_roads_traffic_features,20,1,0.041666666666666664
35,22_emotion_memes_audience_entertainment,22,1,0.041666666666666664
35,28_skill_kanye_punk_skilled,28,8,0.3333333333333333
35,2_debates_conclusions_disinformation_discussions,2,4,0.16666666666666666
35,46_spouse_busy_texted_messages,46,2,0.08333333333333333
35,5_casualties_attacks_terrorism_hamas,5,1,0.041666666666666664
35,8_wars_competent_episodes_drama,8,1,0.041666666666666664
36,0_politicians_elections_gerrymandering_democrats,0,6,0.12
36,10_democratic_voting_voters_dems,10,1,0.02
36,12_gambling_viewership_titles_entertaining,12,1,0.02
36,13_infrastructure_crisis_communities_economic,13,1,0.02
36,16_unrealized_federal_progressive_bezos,16,5,0.1
36,18_regimes_democracies_dictatorship_democratic,18,2,0.04
36,29_reform_deterrence_poverty_appeals,29,2,0.04
36,2_debates_conclusions_disinformation_discussions,2,6,0.12
36,30_democratic_deficits_democrats_congress,30,1,0.02
36,32_economy_unemployment_accuracy_employment,32,2,0.04
36,33_conservatives_conservative_liberals_hypocritical,33,1,0.02
36,34_corruption_president_leaders_deterrence,34,2,0.04
36,36_democracy_politicians_corruption_candidates,36,3,0.06
36,37_businesses_industries_firms_corporations,37,2,0.04
36,3_pasta_rice_burgers_trucks,3,1,0.02
36,45_qualitative_closure_experiences_descriptions,45,1,0.02
36,4_outcomes_statistics_roles_expectations,4,3,0.06
36,51_crisis_embrace_violence_tendencies,51,1,0.02
36,5_casualties_attacks_terrorism_hamas,5,1,0.02
36,7_democrats_republicans_president_biden,7,8,0.16
